date,state,city,place_type,confirmed,deaths,order_for_place,is_last,estimated_population_2019,estimated_population,city_ibge_code,confirmed_per_100k_inhabitants,death_rate
2021-05-13,CE,Quixadá,city,7474,134,395,True,87728.0,88321.0,2311306.0,8462.31361,0.0179
2021-05-11,CE,Quixadá,city,7352,137,394,False,87728.0,88321.0,2311306.0,8324.18111,0.0186
2021-05-10,CE,Quixadá,city,7335,137,393,False,87728.0,88321.0,2311306.0,8304.93314,0.0187
2021-05-09,CE,Quixadá,city,7257,137,392,False,87728.0,88321.0,2311306.0,8216.61892,0.0189
2021-05-08,CE,Quixadá,city,7219,137,391,False,87728.0,88321.0,2311306.0,8173.59405,0.019
2021-05-07,CE,Quixadá,city,7067,137,390,False,87728.0,88321.0,2311306.0,8001.49455,0.0194
2021-05-06,CE,Quixadá,city,7026,134,389,False,87728.0,88321.0,2311306.0,7955.07297,0.0191
2021-05-05,CE,Quixadá,city,6934,134,388,False,87728.0,88321.0,2311306.0,7850.90749,0.0193
2021-05-04,CE,Quixadá,city,6893,134,387,False,87728.0,88321.0,2311306.0,7804.48591,0.0194
2021-05-03,CE,Quixadá,city,6823,120,386,False,87728.0,88321.0,2311306.0,7725.22956,0.0176
2021-05-02,CE,Quixadá,city,6579,120,385,False,87728.0,88321.0,2311306.0,7448.96457,0.0182
2021-04-30,CE,Quixadá,city,6555,119,384,False,87728.0,88321.0,2311306.0,7421.79097,0.0182
2021-04-29,CE,Quixadá,city,6491,114,383,False,87728.0,88321.0,2311306.0,7349.32802,0.0176
2021-04-28,CE,Quixadá,city,6436,114,382,False,87728.0,88321.0,2311306.0,7287.05517,0.0177
2021-04-26,CE,Quixadá,city,6363,105,381,False,87728.0,88321.0,2311306.0,7204.40212,0.0165
2021-04-25,CE,Quixadá,city,6170,105,380,False,87728.0,88321.0,2311306.0,6985.88105,0.017
2021-04-24,CE,Quixadá,city,6165,105,379,False,87728.0,88321.0,2311306.0,6980.21988,0.017
2021-04-23,CE,Quixadá,city,6139,105,378,False,87728.0,88321.0,2311306.0,6950.78181,0.0171
2021-04-22,CE,Quixadá,city,6081,105,377,False,87728.0,88321.0,2311306.0,6885.11226,0.0173
2021-04-21,CE,Quixadá,city,6009,105,376,False,87728.0,88321.0,2311306.0,6803.59144,0.0175
2021-04-20,CE,Quixadá,city,5909,105,375,False,87728.0,88321.0,2311306.0,6690.36809,0.0178
2021-04-18,CE,Quixadá,city,5871,105,374,False,87728.0,88321.0,2311306.0,6647.34321,0.0179
2021-04-16,CE,Quixadá,city,5752,105,373,False,87728.0,88321.0,2311306.0,6512.60742,0.0183
2021-04-13,CE,Quixadá,city,5624,104,372,False,87728.0,88321.0,2311306.0,6367.68153,0.0185
2021-04-12,CE,Quixadá,city,5564,104,371,False,87728.0,88321.0,2311306.0,6299.74751,0.0187
2021-04-11,CE,Quixadá,city,5517,104,370,False,87728.0,88321.0,2311306.0,6246.53253,0.0189
2021-04-10,CE,Quixadá,city,5480,104,369,False,87728.0,88321.0,2311306.0,6204.63989,0.019
2021-04-09,CE,Quixadá,city,5476,104,368,False,87728.0,88321.0,2311306.0,6200.11096,0.019
2021-04-07,CE,Quixadá,city,5357,105,367,False,87728.0,88321.0,2311306.0,6065.37517,0.0196
2021-04-05,CE,Quixadá,city,5325,105,366,False,87728.0,88321.0,2311306.0,6029.14369,0.0197
2021-04-04,CE,Quixadá,city,5312,105,365,False,87728.0,88321.0,2311306.0,6014.42466,0.0198
2021-04-03,CE,Quixadá,city,5294,105,364,False,87728.0,88321.0,2311306.0,5994.04445,0.0198
2021-04-02,CE,Quixadá,city,5292,105,363,False,87728.0,88321.0,2311306.0,5991.77998,0.0198
2021-04-01,CE,Quixadá,city,5259,105,362,False,87728.0,88321.0,2311306.0,5954.41628,0.02
2021-03-31,CE,Quixadá,city,5251,105,361,False,87728.0,88321.0,2311306.0,5945.35841,0.02
2021-03-28,CE,Quixadá,city,5190,103,360,False,87728.0,88321.0,2311306.0,5876.29216,0.0198
2021-03-27,CE,Quixadá,city,5164,103,359,False,87728.0,88321.0,2311306.0,5846.85409,0.0199
2021-03-25,CE,Quixadá,city,5110,103,358,False,87728.0,88321.0,2311306.0,5785.71348,0.0202
2021-03-24,CE,Quixadá,city,5094,103,357,False,87728.0,88321.0,2311306.0,5767.59774,0.0202
2021-03-23,CE,Quixadá,city,5074,103,356,False,87728.0,88321.0,2311306.0,5744.95307,0.0203
2021-03-22,CE,Quixadá,city,5093,103,355,False,87728.0,88321.0,2311306.0,5766.46551,0.0202
2021-03-21,CE,Quixadá,city,5032,103,354,False,87728.0,88321.0,2311306.0,5697.39926,0.0205
2021-03-20,CE,Quixadá,city,5024,103,353,False,87728.0,88321.0,2311306.0,5688.34139,0.0205
2021-03-19,CE,Quixadá,city,5022,103,352,False,87728.0,88321.0,2311306.0,5686.07692,0.0205
2021-03-17,CE,Quixadá,city,4968,102,351,False,87728.0,88321.0,2311306.0,5624.93631,0.0205
2021-03-16,CE,Quixadá,city,4943,101,350,False,87728.0,88321.0,2311306.0,5596.63047,0.0204
2021-03-15,CE,Quixadá,city,4937,101,349,False,87728.0,88321.0,2311306.0,5589.83707,0.0205
2021-03-14,CE,Quixadá,city,4924,100,348,False,87728.0,88321.0,2311306.0,5575.11804,0.0203
2021-03-13,CE,Quixadá,city,4921,100,347,False,87728.0,88321.0,2311306.0,5571.72133,0.0203
2021-03-12,CE,Quixadá,city,4921,100,346,False,87728.0,88321.0,2311306.0,5571.72133,0.0203
2021-03-11,CE,Quixadá,city,4890,100,345,False,87728.0,88321.0,2311306.0,5536.62209,0.0204
2021-03-10,CE,Quixadá,city,4884,100,344,False,87728.0,88321.0,2311306.0,5529.82869,0.0205
2021-03-09,CE,Quixadá,city,4877,100,343,False,87728.0,88321.0,2311306.0,5521.90306,0.0205
2021-03-08,CE,Quixadá,city,4868,100,342,False,87728.0,88321.0,2311306.0,5511.71296,0.0205
2021-03-07,CE,Quixadá,city,4858,100,341,False,87728.0,88321.0,2311306.0,5500.39062,0.0206
2021-03-06,CE,Quixadá,city,4855,100,340,False,87728.0,88321.0,2311306.0,5496.99392,0.0206
2021-03-05,CE,Quixadá,city,4838,100,339,False,87728.0,88321.0,2311306.0,5477.74595,0.0207
2021-03-04,CE,Quixadá,city,4833,100,338,False,87728.0,88321.0,2311306.0,5472.08478,0.0207
2021-03-03,CE,Quixadá,city,4806,99,337,False,87728.0,88321.0,2311306.0,5441.51448,0.0206
2021-03-02,CE,Quixadá,city,4775,99,336,False,87728.0,88321.0,2311306.0,5406.41524,0.0207
2021-03-01,CE,Quixadá,city,4769,99,335,False,87728.0,88321.0,2311306.0,5399.62183,0.0208
2021-02-28,CE,Quixadá,city,4766,99,334,False,87728.0,88321.0,2311306.0,5396.22513,0.0208
2021-02-27,CE,Quixadá,city,4742,99,333,False,87728.0,88321.0,2311306.0,5369.05153,0.0209
2021-02-25,CE,Quixadá,city,4718,94,332,False,87728.0,88321.0,2311306.0,5341.87792,0.0199
2021-02-24,CE,Quixadá,city,4707,88,331,False,87728.0,88321.0,2311306.0,5329.42335,0.0187
2021-02-23,CE,Quixadá,city,4697,88,330,False,87728.0,88321.0,2311306.0,5318.10102,0.0187
2021-02-22,CE,Quixadá,city,4671,88,329,False,87728.0,88321.0,2311306.0,5288.66295,0.0188
2021-02-21,CE,Quixadá,city,4669,88,328,False,87728.0,88321.0,2311306.0,5286.39848,0.0188
2021-02-20,CE,Quixadá,city,4666,88,327,False,87728.0,88321.0,2311306.0,5283.00178,0.0189
2021-02-19,CE,Quixadá,city,4650,88,326,False,87728.0,88321.0,2311306.0,5264.88604,0.0189
2021-02-18,CE,Quixadá,city,4649,88,325,False,87728.0,88321.0,2311306.0,5263.75381,0.0189
2021-02-16,CE,Quixadá,city,4683,92,324,False,87728.0,88321.0,2311306.0,5302.24975,0.0196
2021-02-14,CE,Quixadá,city,4618,89,323,False,87728.0,88321.0,2311306.0,5228.65457,0.0193
2021-02-13,CE,Quixadá,city,4614,89,322,False,87728.0,88321.0,2311306.0,5224.12563,0.0193
2021-02-12,CE,Quixadá,city,4614,88,321,False,87728.0,88321.0,2311306.0,5224.12563,0.0191
2021-02-11,CE,Quixadá,city,4614,88,320,False,87728.0,88321.0,2311306.0,5224.12563,0.0191
2021-02-10,CE,Quixadá,city,4586,88,319,False,87728.0,88321.0,2311306.0,5192.42309,0.0192
2021-02-09,CE,Quixadá,city,4586,88,318,False,87728.0,88321.0,2311306.0,5192.42309,0.0192
2021-02-08,CE,Quixadá,city,4586,88,317,False,87728.0,88321.0,2311306.0,5192.42309,0.0192
2021-02-07,CE,Quixadá,city,4571,88,316,False,87728.0,88321.0,2311306.0,5175.43959,0.0193
2021-02-06,CE,Quixadá,city,4571,88,315,False,87728.0,88321.0,2311306.0,5175.43959,0.0193
2021-02-05,CE,Quixadá,city,4574,88,314,False,87728.0,88321.0,2311306.0,5178.83629,0.0192
2021-02-04,CE,Quixadá,city,4564,88,313,False,87728.0,88321.0,2311306.0,5167.51395,0.0193
2021-02-03,CE,Quixadá,city,4562,88,312,False,87728.0,88321.0,2311306.0,5165.24949,0.0193
2021-02-02,CE,Quixadá,city,4562,88,311,False,87728.0,88321.0,2311306.0,5165.24949,0.0193
2021-02-01,CE,Quixadá,city,4548,88,310,False,87728.0,88321.0,2311306.0,5149.39822,0.0193
2021-01-31,CE,Quixadá,city,4546,88,309,False,87728.0,88321.0,2311306.0,5147.13375,0.0194
2021-01-30,CE,Quixadá,city,4518,88,308,False,87728.0,88321.0,2311306.0,5115.43121,0.0195
2021-01-29,CE,Quixadá,city,4518,88,307,False,87728.0,88321.0,2311306.0,5115.43121,0.0195
2021-01-28,CE,Quixadá,city,4515,88,306,False,87728.0,88321.0,2311306.0,5112.03451,0.0195
2021-01-27,CE,Quixadá,city,4514,88,305,False,87728.0,88321.0,2311306.0,5110.90228,0.0195
2021-01-26,CE,Quixadá,city,4511,87,304,False,87728.0,88321.0,2311306.0,5107.50558,0.0193
2021-01-25,CE,Quixadá,city,4506,87,303,False,87728.0,88321.0,2311306.0,5101.84441,0.0193
2021-01-24,CE,Quixadá,city,4493,87,302,False,87728.0,88321.0,2311306.0,5087.12537,0.0194
2021-01-23,CE,Quixadá,city,4493,87,301,False,87728.0,88321.0,2311306.0,5087.12537,0.0194
2021-01-22,CE,Quixadá,city,4478,87,300,False,87728.0,88321.0,2311306.0,5070.14187,0.0194
2021-01-21,CE,Quixadá,city,4476,87,299,False,87728.0,88321.0,2311306.0,5067.8774,0.0194
2021-01-20,CE,Quixadá,city,4473,87,298,False,87728.0,88321.0,2311306.0,5064.4807,0.0195
2021-01-19,CE,Quixadá,city,4468,87,297,False,87728.0,88321.0,2311306.0,5058.81953,0.0195
2021-01-18,CE,Quixadá,city,4468,87,296,False,87728.0,88321.0,2311306.0,5058.81953,0.0195
2021-01-17,CE,Quixadá,city,4444,87,295,False,87728.0,88321.0,2311306.0,5031.64593,0.0196
2021-01-16,CE,Quixadá,city,4444,87,294,False,87728.0,88321.0,2311306.0,5031.64593,0.0196
2021-01-15,CE,Quixadá,city,4400,87,293,False,87728.0,88321.0,2311306.0,4981.82765,0.0198
2021-01-14,CE,Quixadá,city,4398,87,292,False,87728.0,88321.0,2311306.0,4979.56318,0.0198
2021-01-13,CE,Quixadá,city,4398,87,291,False,87728.0,88321.0,2311306.0,4979.56318,0.0198
2021-01-12,CE,Quixadá,city,4371,87,290,False,87728.0,88321.0,2311306.0,4948.99288,0.0199
2021-01-11,CE,Quixadá,city,4357,87,289,False,87728.0,88321.0,2311306.0,4933.14161,0.02
2021-01-10,CE,Quixadá,city,4357,87,288,False,87728.0,88321.0,2311306.0,4933.14161,0.02
2021-01-09,CE,Quixadá,city,4343,87,287,False,87728.0,88321.0,2311306.0,4917.29034,0.02
2021-01-08,CE,Quixadá,city,4343,87,286,False,87728.0,88321.0,2311306.0,4917.29034,0.02
2021-01-07,CE,Quixadá,city,4330,87,285,False,87728.0,88321.0,2311306.0,4902.5713,0.0201
2021-01-06,CE,Quixadá,city,4297,85,284,False,87728.0,88321.0,2311306.0,4865.2076,0.0198
2021-01-05,CE,Quixadá,city,4272,85,283,False,87728.0,88321.0,2311306.0,4836.90176,0.0199
2021-01-04,CE,Quixadá,city,4257,85,282,False,87728.0,88321.0,2311306.0,4819.91825,0.02
2021-01-03,CE,Quixadá,city,4257,85,281,False,87728.0,88321.0,2311306.0,4819.91825,0.02
2021-01-02,CE,Quixadá,city,4256,85,280,False,87728.0,88321.0,2311306.0,4818.78602,0.02
2021-01-01,CE,Quixadá,city,4256,85,279,False,87728.0,88321.0,2311306.0,4818.78602,0.02
2020-12-31,CE,Quixadá,city,4256,85,278,False,87728.0,88321.0,2311306.0,4818.78602,0.02
2020-12-30,CE,Quixadá,city,4163,85,277,False,87728.0,88321.0,2311306.0,4713.4883,0.0204
2020-12-29,CE,Quixadá,city,4162,85,276,False,87728.0,88321.0,2311306.0,4712.35606,0.0204
2020-12-28,CE,Quixadá,city,4162,85,275,False,87728.0,88321.0,2311306.0,4712.35606,0.0204
2020-12-27,CE,Quixadá,city,4161,85,274,False,87728.0,88321.0,2311306.0,4711.22383,0.0204
2020-12-26,CE,Quixadá,city,4161,85,273,False,87728.0,88321.0,2311306.0,4711.22383,0.0204
2020-12-25,CE,Quixadá,city,4161,85,272,False,87728.0,88321.0,2311306.0,4711.22383,0.0204
2020-12-24,CE,Quixadá,city,4151,85,271,False,87728.0,88321.0,2311306.0,4699.9015,0.0205
2020-12-23,CE,Quixadá,city,4140,85,270,False,87728.0,88321.0,2311306.0,4687.44693,0.0205
2020-12-22,CE,Quixadá,city,4116,85,269,False,87728.0,88321.0,2311306.0,4660.27332,0.0207
2020-12-21,CE,Quixadá,city,4108,85,268,False,87728.0,88321.0,2311306.0,4651.21545,0.0207
2020-12-20,CE,Quixadá,city,4107,85,267,False,87728.0,88321.0,2311306.0,4650.08322,0.0207
2020-12-19,CE,Quixadá,city,4089,85,266,False,87728.0,88321.0,2311306.0,4629.70302,0.0208
2020-12-18,CE,Quixadá,city,4089,85,265,False,87728.0,88321.0,2311306.0,4629.70302,0.0208
2020-12-17,CE,Quixadá,city,4089,85,264,False,87728.0,88321.0,2311306.0,4629.70302,0.0208
2020-12-16,CE,Quixadá,city,4084,85,263,False,87728.0,88321.0,2311306.0,4624.04185,0.0208
2020-12-15,CE,Quixadá,city,4082,84,262,False,87728.0,88321.0,2311306.0,4621.77738,0.0206
2020-12-14,CE,Quixadá,city,4062,84,261,False,87728.0,88321.0,2311306.0,4599.13271,0.0207
2020-12-13,CE,Quixadá,city,4061,84,260,False,87728.0,88321.0,2311306.0,4598.00048,0.0207
2020-12-12,CE,Quixadá,city,4060,84,259,False,87728.0,88321.0,2311306.0,4596.86824,0.0207
2020-12-11,CE,Quixadá,city,4060,84,258,False,87728.0,88321.0,2311306.0,4596.86824,0.0207
2020-12-10,CE,Quixadá,city,4055,84,257,False,87728.0,88321.0,2311306.0,4591.20707,0.0207
2020-12-09,CE,Quixadá,city,4042,84,256,False,87728.0,88321.0,2311306.0,4576.48804,0.0208
2020-12-08,CE,Quixadá,city,4014,84,255,False,87728.0,88321.0,2311306.0,4544.7855,0.0209
2020-12-07,CE,Quixadá,city,4010,84,254,False,87728.0,88321.0,2311306.0,4540.25656,0.0209
2020-12-06,CE,Quixadá,city,3982,84,253,False,87728.0,88321.0,2311306.0,4508.55402,0.0211
2020-12-05,CE,Quixadá,city,3984,84,252,False,87728.0,88321.0,2311306.0,4510.81849,0.0211
2020-12-04,CE,Quixadá,city,3977,84,251,False,87728.0,88321.0,2311306.0,4502.89286,0.0211
2020-12-03,CE,Quixadá,city,3976,84,250,False,87728.0,88321.0,2311306.0,4501.76062,0.0211
2020-12-02,CE,Quixadá,city,3979,84,249,False,87728.0,88321.0,2311306.0,4505.15732,0.0211
2020-12-01,CE,Quixadá,city,3979,84,248,False,87728.0,88321.0,2311306.0,4505.15732,0.0211
2020-11-30,CE,Quixadá,city,3979,84,247,False,87728.0,88321.0,2311306.0,4505.15732,0.0211
2020-11-29,CE,Quixadá,city,3978,84,246,False,87728.0,88321.0,2311306.0,4504.02509,0.0211
2020-11-28,CE,Quixadá,city,3980,84,245,False,87728.0,88321.0,2311306.0,4506.28956,0.0211
2020-11-27,CE,Quixadá,city,3972,84,244,False,87728.0,88321.0,2311306.0,4497.23169,0.0211
2020-11-26,CE,Quixadá,city,3957,84,243,False,87728.0,88321.0,2311306.0,4480.24819,0.0212
2020-11-25,CE,Quixadá,city,3940,84,242,False,87728.0,88321.0,2311306.0,4461.00022,0.0213
2020-11-24,CE,Quixadá,city,3925,84,241,False,87728.0,88321.0,2311306.0,4444.01671,0.0214
2020-11-23,CE,Quixadá,city,3924,84,240,False,87728.0,88321.0,2311306.0,4442.88448,0.0214
2020-11-22,CE,Quixadá,city,3924,84,239,False,87728.0,88321.0,2311306.0,4442.88448,0.0214
2020-11-21,CE,Quixadá,city,3924,84,238,False,87728.0,88321.0,2311306.0,4442.88448,0.0214
2020-11-20,CE,Quixadá,city,3915,84,237,False,87728.0,88321.0,2311306.0,4432.69438,0.0215
2020-11-19,CE,Quixadá,city,3913,84,236,False,87728.0,88321.0,2311306.0,4430.42991,0.0215
2020-11-18,CE,Quixadá,city,3903,84,235,False,87728.0,88321.0,2311306.0,4419.10757,0.0215
2020-11-17,CE,Quixadá,city,3905,84,234,False,87728.0,88321.0,2311306.0,4421.37204,0.0215
2020-11-16,CE,Quixadá,city,3904,84,233,False,87728.0,88321.0,2311306.0,4420.23981,0.0215
2020-11-15,CE,Quixadá,city,3903,84,232,False,87728.0,88321.0,2311306.0,4419.10757,0.0215
2020-11-14,CE,Quixadá,city,3899,84,231,False,87728.0,88321.0,2311306.0,4414.57864,0.0215
2020-11-13,CE,Quixadá,city,3895,84,230,False,87728.0,88321.0,2311306.0,4410.04971,0.0216
2020-11-12,CE,Quixadá,city,3895,84,229,False,87728.0,88321.0,2311306.0,4410.04971,0.0216
2020-11-11,CE,Quixadá,city,3903,84,228,False,87728.0,88321.0,2311306.0,4419.10757,0.0215
2020-11-10,CE,Quixadá,city,3901,84,227,False,87728.0,88321.0,2311306.0,4416.84311,0.0215
2020-11-09,CE,Quixadá,city,3900,84,226,False,87728.0,88321.0,2311306.0,4415.71087,0.0215
2020-11-08,CE,Quixadá,city,3900,84,225,False,87728.0,88321.0,2311306.0,4415.71087,0.0215
2020-11-07,CE,Quixadá,city,3901,84,224,False,87728.0,88321.0,2311306.0,4416.84311,0.0215
2020-11-06,CE,Quixadá,city,3897,84,223,False,87728.0,88321.0,2311306.0,4412.31417,0.0216
2020-11-05,CE,Quixadá,city,3894,84,222,False,87728.0,88321.0,2311306.0,4408.91747,0.0216
2020-11-04,CE,Quixadá,city,3890,84,221,False,87728.0,88321.0,2311306.0,4404.38854,0.0216
2020-11-03,CE,Quixadá,city,3888,84,220,False,87728.0,88321.0,2311306.0,4402.12407,0.0216
2020-11-02,CE,Quixadá,city,3888,84,219,False,87728.0,88321.0,2311306.0,4402.12407,0.0216
2020-11-01,CE,Quixadá,city,3889,84,218,False,87728.0,88321.0,2311306.0,4403.2563,0.0216
2020-10-31,CE,Quixadá,city,3888,84,217,False,87728.0,88321.0,2311306.0,4402.12407,0.0216
2020-10-30,CE,Quixadá,city,3883,84,216,False,87728.0,88321.0,2311306.0,4396.4629,0.0216
2020-10-29,CE,Quixadá,city,3880,84,215,False,87728.0,88321.0,2311306.0,4393.0662,0.0216
2020-10-28,CE,Quixadá,city,3875,84,214,False,87728.0,88321.0,2311306.0,4387.40503,0.0217
2020-10-27,CE,Quixadá,city,3874,84,213,False,87728.0,88321.0,2311306.0,4386.2728,0.0217
2020-10-26,CE,Quixadá,city,3873,84,212,False,87728.0,88321.0,2311306.0,4385.14057,0.0217
2020-10-25,CE,Quixadá,city,3873,84,211,False,87728.0,88321.0,2311306.0,4385.14057,0.0217
2020-10-24,CE,Quixadá,city,3870,84,210,False,87728.0,88321.0,2311306.0,4381.74387,0.0217
2020-10-23,CE,Quixadá,city,3870,83,209,False,87728.0,88321.0,2311306.0,4381.74387,0.0214
2020-10-22,CE,Quixadá,city,3857,83,208,False,87728.0,88321.0,2311306.0,4367.02483,0.0215
2020-10-21,CE,Quixadá,city,3859,83,207,False,87728.0,88321.0,2311306.0,4369.2893,0.0215
2020-10-20,CE,Quixadá,city,3844,83,206,False,87728.0,88321.0,2311306.0,4352.30579,0.0216
2020-10-19,CE,Quixadá,city,3844,83,205,False,87728.0,88321.0,2311306.0,4352.30579,0.0216
2020-10-18,CE,Quixadá,city,3847,83,204,False,87728.0,88321.0,2311306.0,4355.70249,0.0216
2020-10-17,CE,Quixadá,city,3837,83,203,False,87728.0,88321.0,2311306.0,4344.38016,0.0216
2020-10-16,CE,Quixadá,city,3837,83,202,False,87728.0,88321.0,2311306.0,4344.38016,0.0216
2020-10-15,CE,Quixadá,city,3827,83,201,False,87728.0,88321.0,2311306.0,4333.05782,0.0217
2020-10-14,CE,Quixadá,city,3815,82,200,False,87728.0,88321.0,2311306.0,4319.47102,0.0215
2020-10-13,CE,Quixadá,city,3807,81,199,False,87728.0,88321.0,2311306.0,4310.41315,0.0213
2020-10-12,CE,Quixadá,city,3805,81,198,False,87728.0,88321.0,2311306.0,4308.14868,0.0213
2020-10-11,CE,Quixadá,city,3804,81,197,False,87728.0,88321.0,2311306.0,4307.01645,0.0213
2020-10-10,CE,Quixadá,city,3804,81,196,False,87728.0,88321.0,2311306.0,4307.01645,0.0213
2020-10-09,CE,Quixadá,city,3797,81,195,False,87728.0,88321.0,2311306.0,4299.09082,0.0213
2020-10-08,CE,Quixadá,city,3798,81,194,False,87728.0,88321.0,2311306.0,4300.22305,0.0213
2020-10-07,CE,Quixadá,city,3791,81,193,False,87728.0,88321.0,2311306.0,4292.29742,0.0214
2020-10-06,CE,Quixadá,city,3783,81,192,False,87728.0,88321.0,2311306.0,4283.23955,0.0214
2020-10-05,CE,Quixadá,city,3782,81,191,False,87728.0,88321.0,2311306.0,4282.10731,0.0214
2020-10-04,CE,Quixadá,city,3737,81,190,False,87728.0,88321.0,2311306.0,4231.1568,0.0217
2020-10-03,CE,Quixadá,city,3735,81,189,False,87728.0,88321.0,2311306.0,4228.89234,0.0217
2020-10-02,CE,Quixadá,city,3736,81,188,False,87728.0,88321.0,2311306.0,4230.02457,0.0217
2020-10-01,CE,Quixadá,city,3732,81,187,False,87728.0,88321.0,2311306.0,4225.49564,0.0217
2020-09-30,CE,Quixadá,city,3727,81,186,False,87728.0,88321.0,2311306.0,4219.83447,0.0217
2020-09-29,CE,Quixadá,city,3725,81,185,False,87728.0,88321.0,2311306.0,4217.57,0.0217
2020-09-28,CE,Quixadá,city,3716,81,184,False,87728.0,88321.0,2311306.0,4207.3799,0.0218
2020-09-27,CE,Quixadá,city,3716,79,183,False,87728.0,88321.0,2311306.0,4207.3799,0.0213
2020-09-26,CE,Quixadá,city,3712,79,182,False,87728.0,88321.0,2311306.0,4202.85096,0.0213
2020-09-25,CE,Quixadá,city,3693,79,181,False,87728.0,88321.0,2311306.0,4181.33853,0.0214
2020-09-24,CE,Quixadá,city,3675,79,180,False,87728.0,88321.0,2311306.0,4160.95832,0.0215
2020-09-23,CE,Quixadá,city,3666,79,179,False,87728.0,88321.0,2311306.0,4150.76822,0.0215
2020-09-22,CE,Quixadá,city,3644,79,178,False,87728.0,88321.0,2311306.0,4125.85908,0.0217
2020-09-21,CE,Quixadá,city,3643,79,177,False,87728.0,88321.0,2311306.0,4124.72685,0.0217
2020-09-20,CE,Quixadá,city,3645,78,176,False,87728.0,88321.0,2311306.0,4126.99132,0.0214
2020-09-19,CE,Quixadá,city,3643,77,175,False,87728.0,88321.0,2311306.0,4124.72685,0.0211
2020-09-18,CE,Quixadá,city,3620,77,174,False,87728.0,88321.0,2311306.0,4098.68548,0.0213
2020-09-17,CE,Quixadá,city,3599,77,173,False,87728.0,88321.0,2311306.0,4074.90857,0.0214
2020-09-16,CE,Quixadá,city,3589,77,172,False,87728.0,88321.0,2311306.0,4063.58624,0.0215
2020-09-15,CE,Quixadá,city,3585,77,171,False,87728.0,88321.0,2311306.0,4059.0573,0.0215
2020-09-14,CE,Quixadá,city,3563,75,170,False,87728.0,88321.0,2311306.0,4034.14816,0.021
2020-09-13,CE,Quixadá,city,3564,75,169,False,87728.0,88321.0,2311306.0,4035.2804,0.021
2020-09-12,CE,Quixadá,city,3544,75,168,False,87728.0,88321.0,2311306.0,4012.63573,0.0212
2020-09-11,CE,Quixadá,city,3532,75,167,False,87728.0,88321.0,2311306.0,3999.04892,0.0212
2020-09-10,CE,Quixadá,city,3524,73,166,False,87728.0,88321.0,2311306.0,3989.99106,0.0207
2020-09-09,CE,Quixadá,city,3516,67,165,False,87728.0,88321.0,2311306.0,3980.93319,0.0191
2020-09-08,CE,Quixadá,city,3507,67,164,False,87728.0,88321.0,2311306.0,3970.74308,0.0191
2020-09-07,CE,Quixadá,city,3500,67,163,False,87728.0,88321.0,2311306.0,3962.81745,0.0191
2020-09-06,CE,Quixadá,city,3501,67,162,False,87728.0,88321.0,2311306.0,3963.94968,0.0191
2020-09-05,CE,Quixadá,city,3477,67,161,False,87728.0,88321.0,2311306.0,3936.77608,0.0193
2020-09-04,CE,Quixadá,city,3471,67,160,False,87728.0,88321.0,2311306.0,3929.98268,0.0193
2020-09-03,CE,Quixadá,city,3443,67,159,False,87728.0,88321.0,2311306.0,3898.28014,0.0195
2020-09-02,CE,Quixadá,city,3417,67,158,False,87728.0,88321.0,2311306.0,3868.84206,0.0196
2020-09-01,CE,Quixadá,city,3406,67,157,False,87728.0,88321.0,2311306.0,3856.3875,0.0197
2020-08-31,CE,Quixadá,city,3373,66,156,False,87728.0,88321.0,2311306.0,3819.02379,0.0196
2020-08-30,CE,Quixadá,city,3363,65,155,False,87728.0,88321.0,2311306.0,3807.70145,0.0193
2020-08-29,CE,Quixadá,city,3363,65,154,False,87728.0,88321.0,2311306.0,3807.70145,0.0193
2020-08-28,CE,Quixadá,city,3358,65,153,False,87728.0,88321.0,2311306.0,3802.04028,0.0194
2020-08-27,CE,Quixadá,city,3342,65,152,False,87728.0,88321.0,2311306.0,3783.92455,0.0194
2020-08-26,CE,Quixadá,city,3295,65,151,False,87728.0,88321.0,2311306.0,3730.70957,0.0197
2020-08-25,CE,Quixadá,city,3294,65,150,False,87728.0,88321.0,2311306.0,3729.57734,0.0197
2020-08-24,CE,Quixadá,city,3274,65,149,False,87728.0,88321.0,2311306.0,3706.93267,0.0199
2020-08-23,CE,Quixadá,city,3259,65,148,False,87728.0,88321.0,2311306.0,3689.94916,0.0199
2020-08-22,CE,Quixadá,city,3252,65,147,False,87728.0,88321.0,2311306.0,3682.02353,0.02
2020-08-21,CE,Quixadá,city,3236,65,146,False,87728.0,88321.0,2311306.0,3663.90779,0.0201
2020-08-20,CE,Quixadá,city,3217,65,145,False,87728.0,88321.0,2311306.0,3642.39535,0.0202
2020-08-19,CE,Quixadá,city,3177,65,144,False,87728.0,88321.0,2311306.0,3597.10601,0.0205
2020-08-18,CE,Quixadá,city,3168,64,143,False,87728.0,88321.0,2311306.0,3586.91591,0.0202
2020-08-17,CE,Quixadá,city,3146,64,142,False,87728.0,88321.0,2311306.0,3562.00677,0.0203
2020-08-16,CE,Quixadá,city,3144,63,141,False,87728.0,88321.0,2311306.0,3559.7423,0.02
2020-08-15,CE,Quixadá,city,3144,63,140,False,87728.0,88321.0,2311306.0,3559.7423,0.02
2020-08-14,CE,Quixadá,city,3142,63,139,False,87728.0,88321.0,2311306.0,3557.47784,0.0201
2020-08-13,CE,Quixadá,city,3111,63,138,False,87728.0,88321.0,2311306.0,3522.3786,0.0203
2020-08-12,CE,Quixadá,city,3087,63,137,False,87728.0,88321.0,2311306.0,3495.20499,0.0204
2020-08-11,CE,Quixadá,city,3065,62,136,False,87728.0,88321.0,2311306.0,3470.29585,0.0202
2020-08-10,CE,Quixadá,city,3018,62,135,False,87728.0,88321.0,2311306.0,3417.08088,0.0205
2020-08-09,CE,Quixadá,city,3016,62,134,False,87728.0,88321.0,2311306.0,3414.81641,0.0206
2020-08-08,CE,Quixadá,city,3015,62,133,False,87728.0,88321.0,2311306.0,3413.68417,0.0206
2020-08-07,CE,Quixadá,city,3010,62,132,False,87728.0,88321.0,2311306.0,3408.02301,0.0206
2020-08-06,CE,Quixadá,city,2993,59,131,False,87728.0,88321.0,2311306.0,3388.77504,0.0197
2020-08-05,CE,Quixadá,city,2956,59,130,False,87728.0,88321.0,2311306.0,3346.88239,0.02
2020-08-04,CE,Quixadá,city,2938,59,129,False,87728.0,88321.0,2311306.0,3326.50219,0.0201
2020-08-03,CE,Quixadá,city,2899,59,128,False,87728.0,88321.0,2311306.0,3282.34508,0.0204
2020-08-02,CE,Quixadá,city,2899,59,127,False,87728.0,88321.0,2311306.0,3282.34508,0.0204
2020-08-01,CE,Quixadá,city,2889,59,126,False,87728.0,88321.0,2311306.0,3271.02275,0.0204
2020-07-31,CE,Quixadá,city,2868,59,125,False,87728.0,88321.0,2311306.0,3247.24584,0.0206
2020-07-30,CE,Quixadá,city,2809,59,124,False,87728.0,88321.0,2311306.0,3180.44406,0.021
2020-07-29,CE,Quixadá,city,2767,59,123,False,87728.0,88321.0,2311306.0,3132.89025,0.0213
2020-07-28,CE,Quixadá,city,2704,59,122,False,87728.0,88321.0,2311306.0,3061.55954,0.0218
2020-07-27,CE,Quixadá,city,2667,59,121,False,87728.0,88321.0,2311306.0,3019.6669,0.0221
2020-07-26,CE,Quixadá,city,2668,59,120,False,87728.0,88321.0,2311306.0,3020.79913,0.0221
2020-07-25,CE,Quixadá,city,2667,59,119,False,87728.0,88321.0,2311306.0,3019.6669,0.0221
2020-07-24,CE,Quixadá,city,2659,59,118,False,87728.0,88321.0,2311306.0,3010.60903,0.0222
2020-07-23,CE,Quixadá,city,2618,59,117,False,87728.0,88321.0,2311306.0,2964.18745,0.0225
2020-07-22,CE,Quixadá,city,2588,59,116,False,87728.0,88321.0,2311306.0,2930.22045,0.0228
2020-07-21,CE,Quixadá,city,2465,59,115,False,87728.0,88321.0,2311306.0,2790.95572,0.0239
2020-07-20,CE,Quixadá,city,2394,58,114,False,87728.0,88321.0,2311306.0,2710.56714,0.0242
2020-07-19,CE,Quixadá,city,2387,58,113,False,87728.0,88321.0,2311306.0,2702.6415,0.0243
2020-07-17,CE,Quixadá,city,2385,58,112,False,87728.0,88321.0,2311306.0,2700.37703,0.0243
2020-07-16,CE,Quixadá,city,2384,58,111,False,87728.0,88321.0,2311306.0,2699.2448,0.0243
2020-07-15,CE,Quixadá,city,2368,58,110,False,87728.0,88321.0,2311306.0,2681.12906,0.0245
2020-07-14,CE,Quixadá,city,2356,59,109,False,87728.0,88321.0,2311306.0,2667.54226,0.025
2020-07-13,CE,Quixadá,city,2348,58,108,False,87728.0,88321.0,2311306.0,2658.48439,0.0247
2020-07-12,CE,Quixadá,city,2350,58,107,False,87728.0,88321.0,2311306.0,2660.74886,0.0247
2020-07-11,CE,Quixadá,city,2341,58,106,False,87728.0,88321.0,2311306.0,2650.55876,0.0248
2020-07-10,CE,Quixadá,city,2324,57,105,False,87728.0,88321.0,2311306.0,2631.31079,0.0245
2020-07-09,CE,Quixadá,city,2270,57,104,False,87728.0,88321.0,2311306.0,2570.17017,0.0251
2020-07-08,CE,Quixadá,city,2246,57,103,False,87728.0,88321.0,2311306.0,2542.99657,0.0254
2020-07-07,CE,Quixadá,city,2221,54,102,False,87728.0,88321.0,2311306.0,2514.69073,0.0243
2020-07-06,CE,Quixadá,city,2158,51,101,False,87728.0,88321.0,2311306.0,2443.36002,0.0236
2020-07-05,CE,Quixadá,city,2144,51,100,False,87728.0,88321.0,2311306.0,2427.50875,0.0238
2020-07-04,CE,Quixadá,city,2145,51,99,False,87728.0,88321.0,2311306.0,2428.64098,0.0238
2020-07-03,CE,Quixadá,city,2112,51,98,False,87728.0,88321.0,2311306.0,2391.27727,0.0241
2020-07-02,CE,Quixadá,city,2094,46,97,False,87728.0,88321.0,2311306.0,2370.89707,0.022
2020-07-01,CE,Quixadá,city,2032,46,96,False,87728.0,88321.0,2311306.0,2300.69859,0.0226
2020-06-30,CE,Quixadá,city,1869,46,95,False,87728.0,88321.0,2311306.0,2116.14452,0.0246
2020-06-29,CE,Quixadá,city,1843,44,94,False,87728.0,88321.0,2311306.0,2086.70645,0.0239
2020-06-28,CE,Quixadá,city,1840,44,93,False,87728.0,88321.0,2311306.0,2083.30975,0.0239
2020-06-27,CE,Quixadá,city,1842,44,92,False,87728.0,88321.0,2311306.0,2085.57421,0.0239
2020-06-26,CE,Quixadá,city,1809,44,91,False,87728.0,88321.0,2311306.0,2048.2105,0.0243
2020-06-25,CE,Quixadá,city,1781,44,90,False,87728.0,88321.0,2311306.0,2016.50797,0.0247
2020-06-24,CE,Quixadá,city,1609,44,89,False,87728.0,88321.0,2311306.0,1821.76379,0.0273
2020-06-23,CE,Quixadá,city,1602,41,88,False,87728.0,88321.0,2311306.0,1813.83816,0.0256
2020-06-22,CE,Quixadá,city,1574,41,87,False,87728.0,88321.0,2311306.0,1782.13562,0.026
2020-06-21,CE,Quixadá,city,1525,41,86,False,87728.0,88321.0,2311306.0,1726.65617,0.0269
2020-06-20,CE,Quixadá,city,1523,41,85,False,87728.0,88321.0,2311306.0,1724.39171,0.0269
2020-06-19,CE,Quixadá,city,1489,41,84,False,87728.0,88321.0,2311306.0,1685.89577,0.0275
2020-06-18,CE,Quixadá,city,1479,41,83,False,87728.0,88321.0,2311306.0,1674.57343,0.0277
2020-06-17,CE,Quixadá,city,1432,41,82,False,87728.0,88321.0,2311306.0,1621.35845,0.0286
2020-06-16,CE,Quixadá,city,1357,37,81,False,87728.0,88321.0,2311306.0,1536.44094,0.0273
2020-06-15,CE,Quixadá,city,1275,30,80,False,87728.0,88321.0,2311306.0,1443.59779,0.0235
2020-06-14,CE,Quixadá,city,1209,30,79,False,87728.0,88321.0,2311306.0,1368.87037,0.0248
2020-06-13,CE,Quixadá,city,1206,29,78,False,87728.0,88321.0,2311306.0,1365.47367,0.024
2020-06-12,CE,Quixadá,city,1189,29,77,False,87728.0,88321.0,2311306.0,1346.2257,0.0244
2020-06-11,CE,Quixadá,city,1174,29,76,False,87728.0,88321.0,2311306.0,1329.2422,0.0247
2020-06-10,CE,Quixadá,city,1076,28,75,False,87728.0,88321.0,2311306.0,1218.28331,0.026
2020-06-09,CE,Quixadá,city,997,28,74,False,87728.0,88321.0,2311306.0,1128.83686,0.0281
2020-06-08,CE,Quixadá,city,893,27,73,False,87728.0,88321.0,2311306.0,1011.08457,0.0302
2020-06-07,CE,Quixadá,city,846,27,72,False,87728.0,88321.0,2311306.0,957.86959,0.0319
2020-06-06,CE,Quixadá,city,844,27,71,False,87728.0,88321.0,2311306.0,955.60512,0.032
2020-06-05,CE,Quixadá,city,840,27,70,False,87728.0,88321.0,2311306.0,951.07619,0.0321
2020-06-04,CE,Quixadá,city,801,27,69,False,87728.0,88321.0,2311306.0,906.91908,0.0337
2020-06-03,CE,Quixadá,city,744,22,68,False,87728.0,88321.0,2311306.0,842.38177,0.0296
2020-06-02,CE,Quixadá,city,723,21,67,False,87728.0,88321.0,2311306.0,818.60486,0.029
2020-06-01,CE,Quixadá,city,638,21,66,False,87728.0,88321.0,2311306.0,722.36501,0.0329
2020-05-31,CE,Quixadá,city,626,20,65,False,87728.0,88321.0,2311306.0,708.77821,0.0319
2020-05-30,CE,Quixadá,city,622,20,64,False,87728.0,88321.0,2311306.0,704.24927,0.0322
2020-05-29,CE,Quixadá,city,399,19,63,False,87728.0,88321.0,2311306.0,451.76119,0.0476
2020-05-28,CE,Quixadá,city,385,2,62,False,87728.0,88321.0,2311306.0,435.90992,0.0052
2020-05-27,CE,Quixadá,city,383,2,61,False,87728.0,88321.0,2311306.0,433.64545,0.0052
2020-05-26,CE,Quixadá,city,383,2,60,False,87728.0,88321.0,2311306.0,433.64545,0.0052
2020-05-25,CE,Quixadá,city,383,2,59,False,87728.0,88321.0,2311306.0,433.64545,0.0052
2020-05-24,CE,Quixadá,city,384,2,58,False,87728.0,88321.0,2311306.0,434.77769,0.0052
2020-05-23,CE,Quixadá,city,382,2,57,False,87728.0,88321.0,2311306.0,432.51322,0.0052
2020-05-22,CE,Quixadá,city,382,2,56,False,87728.0,88321.0,2311306.0,432.51322,0.0052
2020-05-21,CE,Quixadá,city,281,2,55,False,87728.0,88321.0,2311306.0,318.15763,0.0071
2020-05-20,CE,Quixadá,city,281,2,54,False,87728.0,88321.0,2311306.0,318.15763,0.0071
2020-05-19,CE,Quixadá,city,234,2,53,False,87728.0,88321.0,2311306.0,264.94265,0.0085
2020-05-18,CE,Quixadá,city,194,2,52,False,87728.0,88321.0,2311306.0,219.65331,0.0103
2020-05-17,CE,Quixadá,city,150,2,51,False,87728.0,88321.0,2311306.0,169.83503,0.0133
2020-05-16,CE,Quixadá,city,147,2,50,False,87728.0,88321.0,2311306.0,166.43833,0.0136
2020-05-15,CE,Quixadá,city,147,2,49,False,87728.0,88321.0,2311306.0,166.43833,0.0136
2020-05-14,CE,Quixadá,city,121,2,48,False,87728.0,88321.0,2311306.0,137.00026,0.0165
2020-05-13,CE,Quixadá,city,102,2,47,False,87728.0,88321.0,2311306.0,115.48782,0.0196
2020-05-12,CE,Quixadá,city,99,2,46,False,87728.0,88321.0,2311306.0,112.09112,0.0202
2020-05-11,CE,Quixadá,city,98,1,45,False,87728.0,88321.0,2311306.0,110.95889,0.0102
2020-05-10,CE,Quixadá,city,92,1,44,False,87728.0,88321.0,2311306.0,104.16549,0.0109
2020-05-09,CE,Quixadá,city,91,1,43,False,87728.0,88321.0,2311306.0,103.03325,0.011
2020-05-08,CE,Quixadá,city,89,1,42,False,87728.0,88321.0,2311306.0,100.76879,0.0112
2020-05-07,CE,Quixadá,city,86,1,41,False,87728.0,88321.0,2311306.0,97.37209,0.0116
2020-05-06,CE,Quixadá,city,67,1,40,False,87728.0,88321.0,2311306.0,75.85965,0.0149
2020-05-05,CE,Quixadá,city,54,1,39,False,87728.0,88321.0,2311306.0,61.14061,0.0185
2020-05-04,CE,Quixadá,city,52,1,38,False,87728.0,88321.0,2311306.0,58.87614,0.0192
2020-05-03,CE,Quixadá,city,30,1,37,False,87728.0,88321.0,2311306.0,33.96701,0.0333
2020-05-02,CE,Quixadá,city,30,1,36,False,87728.0,88321.0,2311306.0,33.96701,0.0333
2020-05-01,CE,Quixadá,city,30,1,35,False,87728.0,88321.0,2311306.0,33.96701,0.0333
2020-04-30,CE,Quixadá,city,30,1,34,False,87728.0,88321.0,2311306.0,33.96701,0.0333
2020-04-29,CE,Quixadá,city,29,0,33,False,87728.0,88321.0,2311306.0,32.83477,0.0
2020-04-28,CE,Quixadá,city,23,0,32,False,87728.0,88321.0,2311306.0,26.04137,0.0
2020-04-27,CE,Quixadá,city,23,0,31,False,87728.0,88321.0,2311306.0,26.04137,0.0
2020-04-26,CE,Quixadá,city,22,0,30,False,87728.0,88321.0,2311306.0,24.90914,0.0
2020-04-25,CE,Quixadá,city,22,0,29,False,87728.0,88321.0,2311306.0,24.90914,0.0
2020-04-24,CE,Quixadá,city,22,0,28,False,87728.0,88321.0,2311306.0,24.90914,0.0
2020-04-23,CE,Quixadá,city,20,0,27,False,87728.0,88321.0,2311306.0,22.64467,0.0
2020-04-22,CE,Quixadá,city,19,0,26,False,87728.0,88321.0,2311306.0,21.51244,0.0
2020-04-21,CE,Quixadá,city,18,0,25,False,87728.0,88321.0,2311306.0,20.3802,0.0
2020-04-20,CE,Quixadá,city,18,0,24,False,87728.0,88321.0,2311306.0,20.3802,0.0
2020-04-19,CE,Quixadá,city,18,0,23,False,87728.0,88321.0,2311306.0,20.3802,0.0
2020-04-18,CE,Quixadá,city,15,0,22,False,87728.0,88321.0,2311306.0,16.9835,0.0
2020-04-17,CE,Quixadá,city,13,0,21,False,87728.0,88321.0,2311306.0,14.71904,0.0
2020-04-16,CE,Quixadá,city,11,0,20,False,87728.0,88321.0,2311306.0,12.45457,0.0
2020-04-15,CE,Quixadá,city,10,0,19,False,87728.0,88321.0,2311306.0,11.32234,0.0
2020-04-14,CE,Quixadá,city,9,0,18,False,87728.0,88321.0,2311306.0,10.1901,0.0
2020-04-13,CE,Quixadá,city,7,0,17,False,87728.0,88321.0,2311306.0,7.92563,0.0
2020-04-12,CE,Quixadá,city,7,0,16,False,87728.0,88321.0,2311306.0,7.92563,0.0
2020-04-11,CE,Quixadá,city,7,0,15,False,87728.0,88321.0,2311306.0,7.92563,0.0
2020-04-10,CE,Quixadá,city,6,0,14,False,87728.0,88321.0,2311306.0,6.7934,0.0
2020-04-09,CE,Quixadá,city,6,0,13,False,87728.0,88321.0,2311306.0,6.7934,0.0
2020-04-08,CE,Quixadá,city,6,0,12,False,87728.0,88321.0,2311306.0,6.7934,0.0
2020-04-07,CE,Quixadá,city,4,0,11,False,87728.0,88321.0,2311306.0,4.52893,0.0
2020-04-06,CE,Quixadá,city,4,0,10,False,87728.0,88321.0,2311306.0,4.52893,0.0
2020-04-05,CE,Quixadá,city,4,0,9,False,87728.0,88321.0,2311306.0,4.52893,0.0
2020-04-04,CE,Quixadá,city,2,0,8,False,87728.0,88321.0,2311306.0,2.26447,0.0
2020-04-03,CE,Quixadá,city,2,0,7,False,87728.0,88321.0,2311306.0,2.26447,0.0
2020-04-02,CE,Quixadá,city,2,0,6,False,87728.0,88321.0,2311306.0,2.26447,0.0
2020-04-01,CE,Quixadá,city,2,0,5,False,87728.0,88321.0,2311306.0,2.26447,0.0
2020-03-31,CE,Quixadá,city,2,0,4,False,87728.0,88321.0,2311306.0,2.26447,0.0
2020-03-30,CE,Quixadá,city,2,0,3,False,87728.0,88321.0,2311306.0,2.26447,0.0
2020-03-29,CE,Quixadá,city,2,0,2,False,87728.0,88321.0,2311306.0,2.26447,0.0
2020-03-28,CE,Quixadá,city,2,0,1,False,87728.0,88321.0,2311306.0,2.26447,0.0
